date,code,open,high,low,close,preclose,volume,amount,pctChg
2019-05-06,sh.600519,925.5000,935.0000,893.0000,906.0000,974.0000,13509968,12299395806.0000,-6.981520
2019-05-07,sh.600519,893.2800,913.9400,870.2200,890.0000,906.0000,10083726,9045117765.0000,-1.766004
2019-05-08,sh.600519,860.0000,901.8000,860.0000,884.4000,890.0000,8188298,7217709507.0000,-0.629211
2019-05-09,sh.600519,875.0000,879.8700,842.5000,858.8100,884.4000,9154515,7863312116.0000,-2.893490
2019-05-10,sh.600519,875.6600,910.7800,868.1900,907.1200,858.8100,7990738,7121198718.0000,5.625225
2019-05-13,sh.600519,898.8600,910.9800,884.0000,892.0000,907.1200,4663718,4179329433.0000,-1.666813
2019-05-14,sh.600519,885.0000,906.0000,873.0000,886.5700,892.0000,5998312,5349455647.0000,-0.608744
2019-05-15,sh.600519,890.2400,933.0000,890.2400,927.0000,886.5700,6312425,5778791845.0000,4.560271
2019-05-16,sh.600519,919.0000,932.0000,905.0000,929.9100,927.0000,4454012,4108281950.0000,0.313913
2019-05-17,sh.600519,927.0200,932.3000,900.1000,906.7900,929.9100,4984161,4551116799.0000,-2.486262
2019-05-20,sh.600519,900.0000,900.0000,871.0000,884.9600,906.7900,4440799,3931645928.0000,-2.407388
2019-05-21,sh.600519,885.0000,910.0000,872.0200,895.0000,884.9600,4238565,3791406204.0000,1.134512
2019-05-22,sh.600519,894.9800,904.0000,880.0000,888.0000,895.0000,3204158,2853872828.0000,-0.782123
2019-05-23,sh.600519,881.0000,883.9800,856.2200,861.0000,888.0000,5805863,5062812286.0000,-3.040541
2019-05-24,sh.600519,865.0000,885.0000,864.4400,878.5000,861.0000,4403409,3858962204.0000,2.032520
2019-05-27,sh.600519,879.1000,882.9900,860.0500,879.0000,878.5000,3916191,3417213669.0000,0.056915
2019-05-28,sh.600519,877.9900,907.4900,875.0200,888.0000,879.0000,7477277,6670856081.0000,1.023891
2019-05-29,sh.600519,888.0100,924.9500,888.0100,911.9100,888.0000,6564696,5963755397.0000,2.692564
2019-05-30,sh.600519,910.0000,919.9900,891.2200,905.3000,911.9100,4024720,3634187681.0000,-0.724851
2019-05-31,sh.600519,900.5300,906.9900,890.0000,890.0000,905.3000,3579380,3211384923.0000,-1.690046
2019-06-03,sh.600519,892.0000,901.3500,886.2800,892.0000,890.0000,3447924,3076922330.0000,0.224719
2019-06-04,sh.600519,895.0000,895.4300,871.0000,875.3000,892.0000,3968948,3481384251.0000,-1.872199
2019-06-05,sh.600519,884.0000,886.2600,870.0000,871.6000,875.3000,3406736,2988114670.0000,-0.422714
2019-06-06,sh.600519,875.6200,875.7700,858.0000,862.1300,871.6000,3478685,3009567792.0000,-1.086504
2019-06-10,sh.600519,857.9800,878.9500,840.0000,871.0800,862.1300,5550246,4790052574.0000,1.038128
2019-06-11,sh.600519,876.0000,915.6100,875.0000,910.8900,871.0800,8010644,7209086880.0000,4.570189
2019-06-12,sh.600519,906.2200,910.9900,894.0000,906.7000,910.8900,3774740,3420899273.0000,-0.459990
2019-06-13,sh.600519,910.0000,912.3000,897.0000,910.0000,906.7000,3291742,2984741685.0000,0.363956
2019-06-14,sh.600519,911.0000,932.3000,910.0200,913.0000,910.0000,4245504,3905679105.0000,0.329670
2019-06-17,sh.600519,907.0000,926.9400,906.0200,911.6000,913.0000,3276903,3001512189.0000,-0.153343
2019-06-18,sh.600519,917.0000,920.0000,902.6000,917.0000,911.6000,2944138,2687679912.0000,0.592368
2019-06-19,sh.600519,940.0000,946.7000,932.0100,932.0100,917.0000,5372640,5051192622.0000,1.636860
2019-06-20,sh.600519,932.5000,975.5000,932.2000,975.0000,932.0100,6727197,6468666073.0000,4.612610
2019-06-21,sh.600519,969.9700,984.4900,964.5000,976.3000,975.0000,4592675,4482726902.0000,0.133332
2019-06-24,sh.600519,978.3000,999.6900,975.0000,987.1000,976.3000,4577920,4532526991.0000,1.106216
2019-06-25,sh.600519,992.0000,999.0000,967.0000,982.9800,987.1000,5129595,5035624420.0000,-0.417384
2019-06-26,sh.600519,985.0000,985.0000,971.2200,979.8600,982.9800,2958818,2896585581.0000,-0.317402
2019-06-27,sh.600519,985.0000,1001.0000,981.1200,996.3500,979.8600,4797845,4772724089.0000,1.682892
2019-06-28,sh.600519,985.9900,988.8800,971.3300,984.0000,981.8100,3108840,3050739277.0000,0.223058
2019-07-01,sh.600519,1004.5200,1035.6000,1000.2200,1031.8600,984.0000,5233723,5325575854.0000,4.863820
2019-07-02,sh.600519,1025.0000,1029.5000,1016.0000,1025.0000,1031.8600,3906109,3989722046.0000,-0.664817
2019-07-03,sh.600519,1020.0000,1023.0000,981.5000,987.9000,1025.0000,6713932,6717755678.0000,-3.619510
2019-07-04,sh.600519,985.8000,990.8000,971.2200,981.2000,987.9000,4621668,4531686001.0000,-0.678207
2019-07-05,sh.600519,986.0000,1006.0000,976.3000,999.8200,981.2000,5003271,4968920475.0000,1.897676
2019-07-08,sh.600519,995.0500,997.9000,975.0000,984.8600,999.8200,3361352,3313713091.0000,-1.496271
2019-07-09,sh.600519,979.3000,989.0000,968.3500,976.0600,984.8600,3172332,3103986405.0000,-0.893527
2019-07-10,sh.600519,980.9300,990.5800,977.0000,982.5200,976.0600,2816670,2774054724.0000,0.661847
2019-07-11,sh.600519,989.9600,998.3800,976.0000,981.5000,982.5200,3051419,3011117079.0000,-0.103817
2019-07-12,sh.600519,981.3000,991.5000,980.0100,986.0900,981.5000,2817385,2778937975.0000,0.467654
2019-07-15,sh.600519,967.8000,980.1000,951.1300,975.9300,986.0900,5987040,5785726590.0000,-1.030335
2019-07-16,sh.600519,975.4500,982.3000,965.0000,968.0000,975.9300,3324524,3226755644.0000,-0.812558
2019-07-17,sh.600519,968.0000,972.9900,962.1300,963.5000,968.0000,2546887,2459954487.0000,-0.464876
2019-07-18,sh.600519,961.5000,963.0000,947.1800,947.5000,963.5000,3925295,3748507464.0000,-1.660612
2019-07-19,sh.600519,955.0000,960.8000,948.0000,955.8700,947.5000,2801481,2679887449.0000,0.883377
2019-07-22,sh.600519,960.0000,964.0000,950.2500,957.0200,955.8700,2812549,2695084029.0000,0.120312
2019-07-23,sh.600519,962.3000,962.5900,943.8600,953.9800,957.0200,3248395,3087319264.0000,-0.317657
2019-07-24,sh.600519,958.3100,959.9000,944.6900,946.3600,953.9800,4677120,4450509786.0000,-0.798758
2019-07-25,sh.600519,945.9700,963.3600,938.1500,963.0000,946.3600,3825570,3633246146.0000,1.758318
2019-07-26,sh.600519,961.9700,971.0000,958.5500,965.0300,963.0000,2646759,2556208822.0000,0.210800
2019-07-29,sh.600519,962.0300,979.5000,960.0100,976.4100,965.0300,2698133,2626793557.0000,1.179232
2019-07-30,sh.600519,976.5000,983.0000,971.0000,978.9300,976.4100,1953797,1911965179.0000,0.258100
2019-07-31,sh.600519,975.0000,981.7700,966.5900,972.6000,978.9300,2252620,2191909987.0000,-0.646600
2019-08-01,sh.600519,976.5100,977.0000,953.0200,959.3000,972.6000,3508952,3385045858.0000,-1.367500
2019-08-02,sh.600519,944.0000,957.9800,943.0000,954.4500,959.3000,3971940,3772328947.0000,-0.505600
2019-08-05,sh.600519,945.0000,954.0000,940.0000,942.4300,954.4500,3677431,3473341317.0000,-1.259400
2019-08-06,sh.600519,931.0000,948.0000,923.8000,946.3000,942.4300,4399116,4121445010.0000,0.410600
2019-08-07,sh.600519,949.5000,955.5300,945.0000,945.0000,946.3000,2686998,2553463419.0000,-0.137400
2019-08-08,sh.600519,953.5000,974.0000,952.0000,971.6800,945.0000,3880813,3755086990.0000,2.823300
2019-08-09,sh.600519,978.5000,980.9500,958.9900,962.0300,971.6800,2846170,2760764357.0000,-0.993100
2019-08-12,sh.600519,1010.3100,1020.1000,995.0100,1018.6300,962.0300,8149895,8208540716.0000,5.883400
2019-08-13,sh.600519,1016.1600,1026.0000,1010.6800,1017.9500,1018.6300,3032970,3088013760.0000,-0.066800
2019-08-14,sh.600519,1030.0200,1051.9000,1030.0200,1043.3300,1017.9500,4141095,4327071299.0000,2.493200
2019-08-15,sh.600519,1028.0000,1046.4800,1028.0000,1044.9000,1043.3300,2723739,2821331120.0000,0.150500
2019-08-16,sh.600519,1049.8400,1075.5800,1041.0000,1054.6000,1044.9000,3608673,3822488363.0000,0.928300
2019-08-19,sh.600519,1061.0000,1069.9800,1049.0500,1055.8800,1054.6000,3286758,3471558016.0000,0.121400
2019-08-20,sh.600519,1055.0000,1073.6800,1050.0000,1070.0000,1055.8800,2860213,3038219263.0000,1.337300
2019-08-21,sh.600519,1070.1000,1076.9700,1061.6600,1066.0000,1070.0000,2506662,2678841887.0000,-0.373800
2019-08-22,sh.600519,1072.9900,1104.0000,1070.0000,1104.0000,1066.0000,3759078,4099045126.0000,3.564700
2019-08-23,sh.600519,1105.0000,1133.5600,1095.6200,1130.1000,1104.0000,4019230,4495782910.0000,2.364100
2019-08-26,sh.600519,1113.0000,1128.0000,1096.6800,1102.9500,1130.1000,4849789,5382792365.0000,-2.402400
2019-08-27,sh.600519,1117.0000,1131.3100,1109.0000,1109.0000,1102.9500,5216421,5830617878.0000,0.548500
2019-08-28,sh.600519,1109.0000,1123.1900,1083.0100,1100.1100,1109.0000,4700967,5169778985.0000,-0.801600
2019-08-29,sh.600519,1105.0000,1118.1800,1092.5000,1113.1000,1100.1100,2933042,3247704307.0000,1.180800
2019-08-30,sh.600519,1125.0000,1146.0000,1123.0000,1142.0000,1113.1000,4489077,5093877152.0000,2.596400
2019-09-02,sh.600519,1139.9900,1144.9800,1129.0000,1138.7600,1142.0000,2823433,3210850606.0000,-0.283700
2019-09-03,sh.600519,1140.0000,1151.0200,1128.5600,1140.0000,1138.7600,2948509,3358578409.0000,0.108900
2019-09-04,sh.600519,1140.8000,1142.9100,1120.1100,1125.0100,1140.0000,3360022,3785904728.0000,-1.314900
2019-09-05,sh.600519,1129.0000,1144.9000,1128.0000,1144.0000,1125.0100,3293084,3746608087.0000,1.688000
2019-09-06,sh.600519,1144.5000,1146.1500,1131.0000,1142.4900,1144.0000,2617659,2978155822.0000,-0.132000
2019-09-09,sh.600519,1145.0000,1148.0000,1135.0000,1136.5200,1142.4900,2937934,3346080774.0000,-0.522500
2019-09-10,sh.600519,1134.3000,1135.0000,1120.0100,1123.8500,1136.5200,2622707,2952753655.0000,-1.114800
2019-09-11,sh.600519,1119.2200,1119.9700,1068.0000,1069.5200,1123.8500,8171654,8904690560.0000,-4.834300
2019-09-12,sh.600519,1066.0000,1109.9800,1066.0000,1099.0000,1069.5200,4121133,4498210332.0000,2.756400
2019-09-16,sh.600519,1083.0000,1103.9500,1083.0000,1099.0000,1099.0000,3137180,3432292113.0000,0.000000
2019-09-17,sh.600519,1094.0000,1106.6600,1087.0000,1094.0100,1099.0000,2519693,2767385769.0000,-0.454000
2019-09-18,sh.600519,1108.5000,1150.0000,1108.1800,1148.9000,1094.0100,6931447,7899560194.0000,5.017300
2019-09-19,sh.600519,1148.0000,1150.0000,1137.1000,1145.0000,1148.9000,2447980,2800064436.0000,-0.339500
2019-09-20,sh.600519,1151.0000,1160.0000,1147.5900,1157.4200,1145.0000,3762666,4346138244.0000,1.084700
2019-09-23,sh.600519,1157.0000,1157.0000,1131.0000,1149.0000,1157.4200,3002633,3431058973.0000,-0.727500
2019-09-24,sh.600519,1155.0000,1184.9000,1152.0000,1184.0000,1149.0000,3626913,4259833998.0000,3.046100
2019-09-25,sh.600519,1180.0000,1188.8700,1170.5000,1174.0000,1184.0000,2402458,2832308420.0000,-0.844600
2019-09-26,sh.600519,1174.9400,1183.3500,1158.8100,1167.0000,1174.0000,2608194,3050478322.0000,-0.596300
2019-09-27,sh.600519,1164.0000,1183.0000,1153.0000,1174.7500,1167.0000,2282661,2671754323.0000,0.664100
2019-09-30,sh.600519,1163.0000,1169.4300,1150.0000,1150.0000,1174.7500,3082514,3565988675.0000,-2.106800
2019-10-08,sh.600519,1153.0000,1180.0000,1152.0100,1167.1000,1150.0000,3104527,3631091491.0000,1.487000
2019-10-09,sh.600519,1166.2000,1166.2000,1135.0500,1146.8100,1167.1000,3578857,4105282379.0000,-1.738500
2019-10-10,sh.600519,1127.0000,1158.9300,1109.0200,1155.0000,1146.8100,4117370,4685560483.0000,0.714100
2019-10-11,sh.600519,1157.0000,1175.0000,1152.2100,1174.6000,1155.0000,2868925,3343559812.0000,1.697000
2019-10-14,sh.600519,1186.0000,1187.6600,1170.0000,1180.0000,1174.6000,2718751,3209362988.0000,0.459700
2019-10-15,sh.600519,1180.0000,1215.6800,1177.0300,1211.0000,1180.0000,4003473,4806856333.0000,2.627100
2019-10-16,sh.600519,1168.0000,1187.5000,1160.0000,1170.0000,1211.0000,5915059,6935972684.0000,-3.385600
2019-10-17,sh.600519,1176.0000,1186.6600,1162.5000,1183.3300,1170.0000,3050870,3578144114.0000,1.139300
2019-10-18,sh.600519,1179.0000,1189.9900,1171.6900,1175.7900,1183.3300,2829161,3335011086.0000,-0.637200
2019-10-21,sh.600519,1171.8600,1178.9000,1163.3000,1168.5000,1175.7900,2527467,2955023935.0000,-0.620000
2019-10-22,sh.600519,1178.0000,1181.5000,1163.8900,1170.8000,1168.5000,1930943,2262188262.0000,0.196800
2019-10-23,sh.600519,1168.0000,1178.0000,1156.1100,1158.9100,1170.8000,2308021,2684922174.0000,-1.015500
2019-10-24,sh.600519,1164.9500,1166.0000,1147.1600,1150.2700,1158.9100,2617844,3025245582.0000,-0.745500
2019-10-25,sh.600519,1153.3000,1172.5000,1143.0300,1171.3500,1150.2700,2599845,3015928985.0000,1.832600
2019-10-28,sh.600519,1166.0100,1181.0100,1165.0000,1178.2900,1171.3500,2248599,2644563044.0000,0.592500
2019-10-29,sh.600519,1181.1100,1199.9600,1177.7700,1193.0000,1178.2900,2780371,3314271728.0000,1.248400
2019-10-30,sh.600519,1190.0000,1192.7000,1176.0000,1183.8000,1193.0000,2125475,2516524166.0000,-0.771200
2019-10-31,sh.600519,1196.0000,1198.0000,1176.1500,1180.0100,1183.8000,2590927,3068884874.0000,-0.320200
2019-11-01,sh.600519,1181.0000,1191.9500,1172.5000,1185.0000,1180.0100,2281196,2697638375.0000,0.422900
2019-11-04,sh.600519,1190.0000,1209.9900,1189.0000,1199.5900,1185.0000,2673798,3209264033.0000,1.231200
2019-11-05,sh.600519,1199.5000,1205.0000,1192.0000,1199.0000,1199.5900,2225472,2667596023.0000,-0.049200
2019-11-06,sh.600519,1197.0000,1204.0000,1188.8800,1193.0000,1199.0000,1973751,2362005422.0000,-0.500400
2019-11-07,sh.600519,1196.5100,1201.8800,1189.0000,1201.3700,1193.0000,1616788,1933203877.0000,0.701600
2019-11-08,sh.600519,1205.0000,1215.6500,1201.5100,1205.0000,1201.3700,2451211,2964133776.0000,0.302200
2019-11-11,sh.600519,1201.5000,1206.2000,1193.5100,1199.0000,1205.0000,1734246,2082060830.0000,-0.497900
2019-11-12,sh.600519,1204.0000,1209.6000,1198.2100,1201.6000,1199.0000,1915055,2303205539.0000,0.216800
2019-11-13,sh.600519,1207.0000,1227.8000,1200.0000,1224.0000,1201.6000,3197704,3890666569.0000,1.864200
2019-11-14,sh.600519,1227.0000,1240.0000,1222.0000,1230.0000,1224.0000,2352112,2898399700.0000,0.490200
2019-11-15,sh.600519,1230.0000,1232.9100,1221.5000,1224.9000,1230.0000,1634072,2003665313.0000,-0.414600
2019-11-18,sh.600519,1225.1200,1229.4500,1218.0000,1227.2800,1224.9000,1803766,2204546132.0000,0.194300
2019-11-19,sh.600519,1228.0000,1241.6100,1225.0200,1232.3200,1227.2800,2062375,2542105913.0000,0.410700
2019-11-20,sh.600519,1230.0000,1239.5100,1228.0600,1233.7500,1232.3200,1528053,1884957278.0000,0.116000
2019-11-21,sh.600519,1231.0000,1235.5100,1221.0600,1231.3000,1233.7500,1918739,2356277766.0000,-0.198600
2019-11-22,sh.600519,1223.0000,1229.0000,1185.0000,1194.0000,1231.3000,4705428,5677646465.0000,-3.029300
2019-11-25,sh.600519,1188.0500,1194.0000,1172.0600,1182.0600,1194.0000,3828175,4518778939.0000,-1.000000
2019-11-26,sh.600519,1186.6800,1198.6000,1183.0000,1185.0000,1182.0600,4023961,4794179893.0000,0.248700
2019-11-27,sh.600519,1192.8000,1196.6200,1184.5100,1189.9500,1185.0000,1984881,2363839726.0000,0.417700
2019-11-28,sh.600519,1194.9700,1197.5100,1169.0200,1175.8000,1189.9500,2884499,3405325549.0000,-1.189100
2019-11-29,sh.600519,1165.5000,1165.5000,1112.8900,1129.0000,1175.8000,8239732,9338326554.0000,-3.980300
2019-12-02,sh.600519,1118.2000,1140.0200,1118.2000,1133.0000,1129.0000,3078441,3479717421.0000,0.354300
2019-12-03,sh.600519,1133.0000,1133.0000,1117.7400,1118.0000,1133.0000,2734093,3066695648.0000,-1.323900
2019-12-04,sh.600519,1140.0000,1144.6600,1118.0000,1122.3300,1118.0000,3528308,3980511004.0000,0.387300
2019-12-05,sh.600519,1125.0000,1132.0100,1118.0000,1129.8000,1122.3300,2133879,2402503470.0000,0.665600
2019-12-06,sh.600519,1135.9700,1170.0000,1130.1000,1170.0000,1129.8000,3950626,4565643688.0000,3.558100
2019-12-09,sh.600519,1175.0000,1176.0000,1156.1000,1158.7000,1170.0000,2182412,2543532527.0000,-0.965800
2019-12-10,sh.600519,1159.6000,1165.0000,1151.0000,1164.4000,1158.7000,1508658,1749356289.0000,0.491900
2019-12-11,sh.600519,1168.0000,1170.7500,1155.5500,1158.9800,1164.4000,1456799,1689987674.0000,-0.465500
2019-12-12,sh.600519,1156.0000,1159.9400,1130.0800,1137.0000,1158.9800,2940916,3362699683.0000,-1.896500
2019-12-13,sh.600519,1146.0000,1165.0000,1146.0000,1163.0000,1137.0000,3000059,3473927971.0000,2.286700
2019-12-16,sh.600519,1163.0000,1163.0000,1137.9400,1147.9200,1163.0000,3093642,3554133640.0000,-1.296600
2019-12-17,sh.600519,1149.7000,1173.6000,1143.0300,1169.9800,1147.9200,4261696,4937041950.0000,1.921700
2019-12-18,sh.600519,1174.0000,1175.2000,1164.0000,1168.0000,1169.9800,1964009,2295963803.0000,-0.169200
2019-12-19,sh.600519,1163.0000,1163.0000,1152.0000,1157.4000,1168.0000,1955230,2262598597.0000,-0.907500
2019-12-20,sh.600519,1162.1800,1162.1800,1141.5000,1146.3000,1157.4000,2356384,2703612358.0000,-0.959000
2019-12-23,sh.600519,1139.0000,1162.5000,1136.0000,1149.3000,1146.3000,2591918,2981937538.0000,0.261700
2019-12-24,sh.600519,1153.0000,1155.0000,1145.0000,1148.0000,1149.3000,1182310,1358536199.0000,-0.113100
2019-12-25,sh.600519,1143.0000,1143.0000,1130.0100,1133.7000,1148.0000,2430597,2755735164.0000,-1.245600
2019-12-26,sh.600519,1132.0000,1141.9800,1119.9900,1135.1000,1133.7000,2287727,2585996501.0000,0.123500
2019-12-27,sh.600519,1150.0000,1172.0000,1150.0000,1163.0000,1135.1000,4706628,5486452901.0000,2.457900
2019-12-30,sh.600519,1170.2000,1195.5000,1170.2000,1185.8000,1163.0000,4076066,4827682057.0000,1.960500
2019-12-31,sh.600519,1183.0000,1188.0000,1176.5100,1183.0000,1185.8000,2258881,2666705100.0000,-0.236100
2020-01-02,sh.600519,1128.0000,1145.0600,1116.0000,1130.0000,1183.0000,14809916,16696837095.0000,-4.480100
2020-01-03,sh.600519,1117.0000,1117.0000,1076.9000,1078.5600,1130.0000,13031878,14266380596.0000,-4.552200
2020-01-06,sh.600519,1070.8600,1092.9000,1067.3000,1077.9900,1078.5600,6341478,6853917601.0000,-0.052900
2020-01-07,sh.600519,1077.5000,1099.0000,1076.4000,1094.5300,1077.9900,4785359,5220697068.0000,1.534300
2020-01-08,sh.600519,1085.0500,1095.5000,1082.5800,1088.1400,1094.5300,2500825,2720371915.0000,-0.583800
2020-01-09,sh.600519,1094.0000,1105.3900,1090.0000,1102.7000,1088.1400,3740587,4110949814.0000,1.338100
2020-01-10,sh.600519,1109.0000,1115.9900,1102.5000,1112.5000,1102.7000,3597587,3993457118.0000,0.888700
2020-01-13,sh.600519,1112.5000,1129.2000,1112.0000,1124.2700,1112.5000,3851575,4325687959.0000,1.058000
2020-01-14,sh.600519,1124.2000,1124.8900,1103.0000,1107.4000,1124.2700,3514465,3916300790.0000,-1.500500
2020-01-15,sh.600519,1109.0100,1121.6000,1105.0000,1112.1300,1107.4000,2602911,2895603674.0000,0.427100
2020-01-16,sh.600519,1118.8700,1118.8700,1102.5800,1107.0000,1112.1300,2319165,2571593141.0000,-0.461300
2020-01-17,sh.600519,1110.0000,1112.7800,1101.0100,1107.5000,1107.0000,2347275,2599645144.0000,0.045200
2020-01-20,sh.600519,1111.8600,1111.8600,1082.0000,1091.0000,1107.5000,3539130,3858246844.0000,-1.489800
2020-01-21,sh.600519,1081.0000,1087.0000,1072.3000,1075.3000,1091.0000,3287405,3542441308.0000,-1.439000
2020-01-22,sh.600519,1070.0000,1084.0000,1055.3800,1075.5100,1075.3000,3620004,3875275065.0000,0.019500
2020-01-23,sh.600519,1076.0000,1076.0000,1037.0000,1052.8000,1075.5100,5346843,5638945742.0000,-2.111600
2020-02-03,sh.600519,985.0000,1010.6800,980.0000,1003.9200,1052.8000,12344288,12314991759.0000,-4.642900
2020-02-04,sh.600519,1015.0000,1057.0000,1011.0100,1038.0100,1003.9200,6262418,6490469043.0000,3.395700
2020-02-05,sh.600519,1050.0000,1054.0000,1033.0300,1049.9900,1038.0100,4741824,4956355235.0000,1.154100
2020-02-06,sh.600519,1059.4300,1075.0000,1052.0200,1071.0000,1049.9900,4717121,5011246407.0000,2.001000
2020-02-07,sh.600519,1070.0100,1077.0000,1061.0200,1076.0000,1071.0000,3127871,3348894576.0000,0.466900
2020-02-10,sh.600519,1062.0000,1074.6000,1057.2000,1066.4900,1076.0000,3053342,3251908506.0000,-0.883800
2020-02-11,sh.600519,1063.0000,1099.6800,1062.8000,1098.0000,1066.4900,4791793,5222918915.0000,2.954600
2020-02-12,sh.600519,1089.0000,1098.7900,1085.8800,1097.2700,1098.0000,2812543,3072293973.0000,-0.066500
2020-02-13,sh.600519,1098.0000,1113.8900,1088.0100,1091.0000,1097.2700,3035736,3335277425.0000,-0.571400
2020-02-14,sh.600519,1090.4500,1093.5100,1083.1100,1088.0000,1091.0000,2328760,2534568401.0000,-0.275000
2020-02-17,sh.600519,1082.5000,1096.1900,1082.4000,1093.8200,1088.0000,2702822,2946182657.0000,0.534900
2020-02-18,sh.600519,1090.0100,1096.8800,1083.0000,1084.0000,1093.8200,2666496,2897729692.0000,-0.897800
2020-02-19,sh.600519,1085.0000,1101.5000,1078.0000,1096.5000,1084.0000,3705147,4052365602.0000,1.153100
2020-02-20,sh.600519,1096.7000,1124.0000,1095.4100,1118.0000,1096.5000,4680262,5220660940.0000,1.960800
2020-02-21,sh.600519,1111.4600,1123.5400,1110.0100,1112.8800,1118.0000,2894008,3225337160.0000,-0.458000
2020-02-24,sh.600519,1105.5000,1110.0000,1085.5000,1087.1800,1112.8800,3865036,4221857466.0000,-2.309300
2020-02-25,sh.600519,1078.0000,1082.0900,1067.8800,1074.8100,1087.1800,3838562,4127432130.0000,-1.137800
2020-02-26,sh.600519,1062.0000,1084.0000,1055.0000,1073.7000,1074.8100,4356097,4663278433.0000,-0.103300
2020-02-27,sh.600519,1076.0000,1094.9900,1076.0000,1087.3900,1073.7000,3449829,3758783810.0000,1.275000
2020-02-28,sh.600519,1070.3000,1082.0000,1049.9700,1057.0000,1087.3900,4994657,5307929213.0000,-2.794800
2020-03-02,sh.600519,1050.1100,1096.5500,1050.0100,1086.0100,1057.0000,4766304,5154329159.0000,2.744600
2020-03-03,sh.600519,1098.0000,1118.8800,1098.0000,1113.0000,1086.0100,5025015,5585227657.0000,2.485200
2020-03-04,sh.600519,1125.0000,1139.0000,1116.2400,1128.9200,1113.0000,5379299,6080149243.0000,1.430400
2020-03-05,sh.600519,1136.3100,1174.9900,1130.5600,1171.0000,1128.9200,6242645,7210485104.0000,3.727500
2020-03-06,sh.600519,1163.0000,1176.0000,1151.9800,1155.5000,1171.0000,3064100,3553622358.0000,-1.323700
2020-03-09,sh.600519,1135.0000,1135.0000,1111.3100,1114.0100,1155.5000,4340409,4865288500.0000,-3.590700
2020-03-10,sh.600519,1113.0000,1168.0000,1113.0000,1156.0000,1114.0100,5806293,6635936156.0000,3.769300
2020-03-11,sh.600519,1155.5000,1169.5800,1141.0000,1158.5200,1156.0000,3554757,4124607952.0000,0.218000
2020-03-12,sh.600519,1141.2200,1153.0000,1125.1000,1138.5000,1158.5200,3663063,4172606105.0000,-1.728100
2020-03-13,sh.600519,1090.0000,1128.9800,1080.0000,1112.0300,1138.5000,7588531,8348496480.0000,-2.325000
2020-03-16,sh.600519,1103.9800,1107.9500,1062.0000,1067.0000,1112.0300,5123254,5548946745.0000,-4.049400
2020-03-17,sh.600519,1055.0000,1078.0000,1011.1200,1045.1000,1067.0000,7935912,8277472787.0000,-2.052500
2020-03-18,sh.600519,1040.0000,1060.0000,1007.9900,1007.9900,1045.1000,7345988,7582762547.0000,-3.550900
2020-03-19,sh.600519,993.9900,1015.0000,960.1000,996.0000,1007.9900,10226507,10075880470.0000,-1.189500
2020-03-20,sh.600519,1011.0000,1043.0000,1011.0000,1035.2800,996.0000,6013919,6169094444.0000,3.943800
2020-03-23,sh.600519,1000.0000,1035.2800,991.5200,1019.0000,1035.2800,4847210,4918121944.0000,-1.572500
2020-03-24,sh.600519,1043.0000,1058.8800,1035.0000,1056.0000,1019.0000,4665096,4900364144.0000,3.631000
2020-03-25,sh.600519,1087.9800,1091.3600,1074.2000,1080.1000,1056.0000,3704866,4015061222.0000,2.282200
2020-03-26,sh.600519,1073.3300,1091.2000,1062.0000,1064.9200,1080.1000,3004856,3231754298.0000,-1.405400
2020-03-27,sh.600519,1085.0000,1092.0000,1075.0100,1075.5000,1064.9200,3626112,3931759353.0000,0.993500
2020-03-30,sh.600519,1060.2500,1077.0000,1057.0000,1072.0000,1075.5000,3068741,3279823025.0000,-0.325400
2020-03-31,sh.600519,1082.0000,1115.0000,1081.8000,1111.0000,1072.0000,4798437,5293170703.0000,3.638100
2020-04-01,sh.600519,1117.0000,1129.0000,1103.0000,1103.0000,1111.0000,3320535,3700184247.0000,-0.720100
2020-04-02,sh.600519,1104.0000,1145.0000,1103.8800,1145.0000,1103.0000,4520561,5095167594.0000,3.807800
2020-04-03,sh.600519,1139.0300,1147.9600,1131.9800,1139.7900,1145.0000,2761761,3148421866.0000,-0.455000
2020-04-07,sh.600519,1161.9500,1166.5000,1148.8900,1159.9500,1139.7900,4348800,5041525481.0000,1.768700
2020-04-08,sh.600519,1152.0000,1166.3100,1152.0000,1159.7600,1159.9500,2422442,2809422100.0000,-0.016400
2020-04-09,sh.600519,1166.0000,1169.0000,1147.9600,1158.5000,1159.7600,2281697,2640230492.0000,-0.108600
2020-04-10,sh.600519,1157.8800,1181.5000,1153.5000,1165.0000,1158.5000,2780434,3252600672.0000,0.561100
2020-04-13,sh.600519,1165.0000,1169.9800,1148.5000,1162.3000,1165.0000,1598147,1854563731.0000,-0.231800
2020-04-14,sh.600519,1176.0000,1191.5500,1166.0000,1185.1000,1162.3000,3679955,4340858665.0000,1.961600
2020-04-15,sh.600519,1192.0000,1203.9900,1187.1000,1189.6000,1185.1000,2933229,3501318260.0000,0.379700
2020-04-16,sh.600519,1192.9700,1197.1000,1184.1000,1197.1000,1189.6000,2172774,2588431844.0000,0.630500
2020-04-17,sh.600519,1210.0000,1234.5600,1205.0100,1226.0000,1197.1000,3824569,4676618151.0000,2.414200
2020-04-20,sh.600519,1221.0000,1231.5000,1216.8000,1227.3000,1226.0000,2423864,2963483323.0000,0.106000
2020-04-21,sh.600519,1221.0200,1223.9900,1193.0000,1200.0000,1227.3000,2922422,3517018487.0000,-2.224400
2020-04-22,sh.600519,1206.0000,1249.5000,1202.2200,1244.5000,1200.0000,4403473,5430377598.0000,3.708300
2020-04-23,sh.600519,1250.0000,1265.6800,1247.7700,1252.2600,1244.5000,2689851,3377042463.0000,0.623500
2020-04-24,sh.600519,1248.0000,1259.8900,1235.1800,1250.5600,1252.2600,1912240,2390444036.0000,-0.135800
2020-04-27,sh.600519,1257.0000,1278.1700,1250.9600,1276.0000,1250.5600,2590391,3284513346.0000,2.034300
2020-04-28,sh.600519,1285.3100,1299.9400,1271.8800,1279.1300,1276.0000,3466190,4458549425.0000,0.245300
2020-04-29,sh.600519,1277.8000,1288.1000,1258.0000,1274.9000,1279.1300,2344406,2976724957.0000,-0.330700
2020-04-30,sh.600519,1271.0000,1285.0100,1258.8800,1265.7000,1274.9000,2466087,3134408881.0000,-0.721600
2020-05-06,sh.600519,1251.0000,1300.0000,1250.0000,1300.0000,1265.7000,3583481,4598589768.0000,2.710000
2020-05-07,sh.600519,1299.4000,1314.9900,1293.0000,1312.0000,1300.0000,2793474,3647628296.0000,0.923100
2020-05-08,sh.600519,1317.0000,1338.0000,1308.5100,1314.6100,1312.0000,2907868,3839218026.0000,0.198900
2020-05-11,sh.600519,1320.0000,1335.0000,1313.6700,1323.0100,1314.6100,2367119,3135990964.0000,0.639000
2020-05-12,sh.600519,1318.0000,1334.9900,1316.0000,1333.0000,1323.0100,1972181,2621824685.0000,0.755100
2020-05-13,sh.600519,1333.0000,1337.9900,1322.8800,1335.9500,1333.0000,2201431,2931464950.0000,0.221300
2020-05-14,sh.600519,1330.0000,1334.8800,1325.1100,1326.5900,1335.9500,1857492,2467976357.0000,-0.700600
2020-05-15,sh.600519,1329.0000,1333.5000,1301.8800,1313.0000,1326.5900,2639808,3469736812.0000,-1.024400
2020-05-18,sh.600519,1306.0000,1351.5000,1305.1300,1346.2100,1313.0000,3436211,4587989708.0000,2.529300
2020-05-19,sh.600519,1364.0000,1364.0000,1338.0000,1346.1100,1346.2100,2478746,3342210487.0000,-0.007400
2020-05-20,sh.600519,1346.1100,1359.1800,1336.8100,1351.0000,1346.1100,2118340,2859455106.0000,0.363300
2020-05-21,sh.600519,1355.0000,1371.9600,1352.8600,1366.1000,1351.0000,2305158,3147105462.0000,1.117700
2020-05-22,sh.600519,1366.0000,1366.1000,1322.8800,1328.2000,1366.1000,3442746,4608696074.0000,-2.774300
2020-05-25,sh.600519,1330.0000,1366.5800,1321.0000,1362.9000,1328.2000,3156100,4260387678.0000,2.612600
2020-05-26,sh.600519,1369.8800,1369.9500,1355.0000,1358.0000,1362.9000,2247019,3056188321.0000,-0.359500
2020-05-27,sh.600519,1359.0000,1360.0000,1333.0000,1338.0000,1358.0000,2677741,3596654307.0000,-1.472800
2020-05-28,sh.600519,1337.9700,1346.9400,1321.1300,1344.0000,1338.0000,2648591,3536546893.0000,0.448400
2020-05-29,sh.600519,1332.1000,1369.9800,1332.1000,1366.6000,1344.0000,3044435,4144247222.0000,1.681500
2020-06-01,sh.600519,1381.0000,1420.1000,1381.0000,1419.5000,1366.6000,3547976,4986178912.0000,3.870900
2020-06-02,sh.600519,1416.0100,1427.9000,1406.6600,1410.7100,1419.5000,2596010,3679210598.0000,-0.619200
2020-06-03,sh.600519,1415.0000,1417.5000,1395.7700,1399.3000,1410.7100,2355736,3308382799.0000,-0.808800
2020-06-04,sh.600519,1396.0000,1411.0000,1396.0000,1407.9900,1399.3000,1803741,2534459742.0000,0.621000
2020-06-05,sh.600519,1405.2500,1428.8800,1401.0800,1425.0000,1407.9900,1834706,2597524609.0000,1.208100
2020-06-08,sh.600519,1425.0000,1435.0000,1402.0100,1406.1000,1425.0000,2930045,4145298455.0000,-1.326300
2020-06-09,sh.600519,1408.0000,1425.0000,1400.6800,1416.5500,1406.1000,2261191,3199849660.0000,0.743200
2020-06-10,sh.600519,1425.0000,1433.3300,1417.0000,1423.6600,1416.5500,2270074,3234843851.0000,0.501900
2020-06-11,sh.600519,1411.0100,1417.9900,1396.9900,1400.4600,1423.6600,3071171,4314846228.0000,-1.629600
2020-06-12,sh.600519,1387.1700,1416.3700,1383.3100,1416.3700,1400.4600,2842742,3992323389.0000,1.136100
2020-06-15,sh.600519,1402.0000,1411.6000,1381.0000,1383.0000,1416.3700,3461541,4819512189.0000,-2.356000
2020-06-16,sh.600519,1398.5000,1414.0000,1393.1300,1403.8800,1383.0000,2920664,4099718932.0000,1.509800
2020-06-17,sh.600519,1411.8600,1411.9000,1395.0200,1405.0000,1403.8800,1945307,2730097120.0000,0.079800
2020-06-18,sh.600519,1404.9000,1413.2000,1400.1000,1413.0000,1405.0000,2101041,2956800081.0000,0.569400
2020-06-19,sh.600519,1420.0000,1445.2000,1415.1000,1439.8400,1413.0000,3895833,5603232657.0000,1.899500
2020-06-22,sh.600519,1435.1000,1443.8900,1433.2000,1439.0000,1439.8400,2324700,3343536637.0000,-0.058300
2020-06-23,sh.600519,1435.0000,1482.0000,1433.5200,1474.5000,1439.0000,3393426,4963194685.0000,2.467000
2020-06-24,sh.600519,1463.6000,1465.7100,1445.0000,1460.0100,1457.4800,2513899,3663537115.0000,0.173600
2020-06-29,sh.600519,1448.0000,1466.0000,1437.0100,1463.1700,1460.0100,2808061,4064048236.0000,0.216400
2020-06-30,sh.600519,1463.1200,1468.9800,1455.1200,1462.8800,1463.1700,2244614,3281641199.0000,-0.019800
2020-07-01,sh.600519,1468.0000,1506.1000,1464.0200,1494.2700,1462.8800,3868249,5759640251.0000,2.145800
2020-07-02,sh.600519,1499.0000,1550.9000,1495.0000,1544.0000,1494.2700,4588372,7014289615.0000,3.328000
2020-07-03,sh.600519,1550.0000,1552.5000,1516.8800,1541.7900,1544.0000,3512581,5395637032.0000,-0.143100
2020-07-06,sh.600519,1538.0000,1616.0000,1531.8100,1600.0000,1541.7900,5182196,8228068998.0000,3.775500
2020-07-07,sh.600519,1603.0900,1744.8200,1601.0000,1688.0000,1600.0000,6666393,11219852098.0000,5.500000
2020-07-08,sh.600519,1680.0000,1719.0000,1660.0000,1681.3400,1688.0000,5316998,8963189092.0000,-0.394600
2020-07-09,sh.600519,1691.0000,1712.0000,1682.0000,1706.0000,1681.3400,3503324,5951732803.0000,1.466700
2020-07-10,sh.600519,1689.0000,1736.6000,1688.9400,1713.8500,1706.0000,3710044,6352507468.0000,0.460100
2020-07-13,sh.600519,1714.6800,1787.0000,1714.6800,1781.9900,1713.8500,6072716,10679460274.0000,3.975800
2020-07-14,sh.600519,1781.9900,1782.0300,1748.4000,1762.0000,1781.9900,4609351,8135834910.0000,-1.121800
2020-07-15,sh.600519,1744.8800,1782.6000,1744.7100,1752.5300,1762.0000,4071294,7176560649.0000,-0.537500
2020-07-16,sh.600519,1729.9100,1729.9100,1600.0000,1614.0000,1752.5300,10224219,16901373196.0000,-7.904600
2020-07-17,sh.600519,1620.0000,1672.5900,1620.0000,1648.0500,1614.0000,6590206,10863420089.0000,2.109700
2020-07-20,sh.600519,1652.5000,1663.9900,1588.8800,1636.9600,1648.0500,4528033,7363822989.0000,-0.672900
2020-07-21,sh.600519,1646.6400,1702.8000,1630.9900,1668.0000,1636.9600,4196950,7026353150.9800,1.896200
2020-07-22,sh.600519,1658.0000,1710.0000,1658.0000,1678.0800,1668.0000,3920121,6637265371.7100,0.604300
2020-07-23,sh.600519,1672.0000,1691.0000,1650.0000,1676.0000,1678.0800,3432052,5739050333.4200,-0.124000
2020-07-24,sh.600519,1654.8500,1666.0000,1585.0000,1595.3000,1676.0000,7875201,12705941887.2200,-4.815000
2020-07-27,sh.600519,1616.0100,1629.8000,1600.0000,1622.5500,1595.3000,3878817,6279664443.7100,1.708100
2020-07-28,sh.600519,1630.0000,1680.0000,1630.0000,1670.0000,1622.5500,5491152,9133721867.3100,2.924400
2020-07-29,sh.600519,1690.0000,1690.0000,1633.0000,1672.0000,1670.0000,5074843,8411789966.5000,0.119800
2020-07-30,sh.600519,1671.2000,1700.5900,1670.5000,1680.0000,1672.0000,3837304,6486855474.9900,0.478500
2020-07-31,sh.600519,1685.0000,1705.0000,1646.0000,1678.1800,1680.0000,4068474,6846747330.2200,-0.108300
2020-08-03,sh.600519,1686.8800,1696.5800,1660.0000,1668.0000,1678.1800,3466114,5790041421.9300,-0.606600
2020-08-04,sh.600519,1675.0000,1682.9900,1660.0000,1669.9900,1668.0000,3194051,5337185768.0100,0.119300
2020-08-05,sh.600519,1662.0900,1673.0900,1643.3100,1668.0000,1669.9900,2552169,4236612469.3400,-0.119200
2020-08-06,sh.600519,1670.0000,1674.0300,1630.0000,1637.9600,1668.0000,3264878,5372942644.9600,-1.801000
2020-08-07,sh.600519,1644.7700,1649.6700,1598.5000,1631.0000,1637.9600,3424205,5560065753.2700,-0.424900
2020-08-10,sh.600519,1627.9700,1644.9600,1608.1100,1633.9900,1631.0000,2362354,3857721122.3800,0.183300
2020-08-11,sh.600519,1640.0000,1666.4300,1640.0000,1642.5100,1633.9900,3581818,5936904875.6400,0.521400
2020-08-12,sh.600519,1633.0000,1641.0000,1605.2500,1626.9500,1642.5100,2793392,4529267492.9800,-0.947300
2020-08-13,sh.600519,1630.0000,1638.8800,1609.0000,1635.0000,1626.9500,2054134,3341652185.8900,0.494800
2020-08-14,sh.600519,1639.9000,1665.7000,1631.0000,1661.0000,1635.0000,3765318,6230475427.2400,1.590200
2020-08-17,sh.600519,1674.0000,1704.3500,1670.0000,1690.0000,1661.0000,4357201,7363610867.3300,1.745900
2020-08-18,sh.600519,1697.3800,1720.0000,1691.0000,1705.0000,1690.0000,3042281,5192751797.1100,0.887600
2020-08-19,sh.600519,1700.0000,1717.0000,1682.9900,1687.0000,1705.0000,2691498,4578143762.2000,-1.055700
2020-08-20,sh.600519,1674.0000,1679.0000,1656.0000,1664.0000,1687.0000,2238233,3727183935.4500,-1.363400
2020-08-21,sh.600519,1673.0000,1698.0000,1671.0000,1676.0000,1664.0000,2508241,4217048420.2400,0.721200
2020-08-24,sh.600519,1700.0000,1708.0000,1691.0100,1696.3500,1676.0000,3093344,5260286523.4600,1.214200
2020-08-25,sh.600519,1704.8000,1746.7800,1698.6300,1727.0000,1696.3500,4187249,7227309774.1400,1.806800
2020-08-26,sh.600519,1734.0000,1745.0000,1715.0200,1727.0000,1727.0000,2621573,4530374186.4700,0.000000
2020-08-27,sh.600519,1731.9900,1733.9800,1705.0000,1731.0000,1727.0000,2263553,3896759446.1700,0.231600
2020-08-28,sh.600519,1731.0000,1764.0000,1721.5000,1757.0000,1731.0000,4229962,7389242302.4900,1.502000
2020-08-31,sh.600519,1770.5800,1816.0000,1770.5800,1786.5000,1757.0000,4781036,8608932570.4100,1.679000
2020-09-01,sh.600519,1792.0000,1802.0000,1775.0100,1801.9800,1786.5000,3163992,5661594315.1600,0.866500
2020-09-02,sh.600519,1825.0000,1828.0000,1770.0000,1795.0000,1801.9800,3200929,5746351923.0100,-0.387400
2020-09-03,sh.600519,1795.0000,1812.0000,1779.7000,1793.0000,1795.0000,3043735,5471333880.1000,-0.111400
2020-09-04,sh.600519,1766.0000,1776.9900,1746.0000,1770.0000,1793.0000,3085796,5433479408.0000,-1.282800
2020-09-07,sh.600519,1760.0000,1777.9900,1703.9700,1723.5000,1770.0000,3111202,5446354619.0300,-2.627100
2020-09-08,sh.600519,1732.0000,1737.8000,1677.0700,1711.4000,1723.5000,3447238,5865962723.7500,-0.702100
2020-09-09,sh.600519,1699.6700,1711.0000,1680.0400,1688.0000,1711.4000,2596355,4401806095.1400,-1.367300
2020-09-10,sh.600519,1703.7400,1720.0000,1700.0000,1705.8000,1688.0000,2477833,4236694401.5200,1.054500
2020-09-11,sh.600519,1688.0000,1736.0000,1688.0000,1733.0000,1705.8000,3108800,5339883407.7600,1.594600
2020-09-14,sh.600519,1745.0000,1769.0000,1730.5800,1766.0000,1733.0000,3105601,5448188995.3800,1.904200
2020-09-15,sh.600519,1769.9900,1769.9900,1747.7500,1760.0000,1766.0000,2082087,3654872008.5100,-0.339800
2020-09-16,sh.600519,1760.0000,1764.8100,1719.0000,1725.1000,1760.0000,2251598,3916457761.6500,-1.983000
2020-09-17,sh.600519,1700.0000,1700.0000,1658.0000,1670.5200,1725.1000,6367985,10683350186.5000,-3.163900
2020-09-18,sh.600519,1665.0000,1695.0000,1635.0100,1695.0000,1670.5200,4720140,7853673240.8700,1.465400
2020-09-21,sh.600519,1692.7600,1692.7600,1666.6600,1666.8000,1695.0000,2244407,3756765108.0700,-1.663700
2020-09-22,sh.600519,1650.0000,1686.9800,1650.0000,1665.6900,1666.8000,2326547,3890070212.3900,-0.066600
2020-09-23,sh.600519,1635.0000,1666.0100,1621.0200,1649.9800,1665.6900,3572552,5878691068.9300,-0.943200
2020-09-24,sh.600519,1635.9700,1658.8800,1626.8000,1629.3200,1649.9800,3005078,4915392273.4900,-1.252100
2020-09-25,sh.600519,1630.0000,1650.0000,1625.0000,1635.1100,1629.3200,2258296,3700843486.0000,0.355400
2020-09-28,sh.600519,1635.1900,1668.5000,1635.1900,1661.0000,1635.1100,2423222,4019640150.4200,1.583400
2020-09-29,sh.600519,1669.3300,1669.4000,1652.3000,1652.3000,1661.0000,1743078,2895081365.6100,-0.523800
2020-09-30,sh.600519,1660.0000,1691.9000,1660.0000,1668.5000,1652.3000,2708781,4536012539.9100,0.980500
2020-10-09,sh.600519,1692.0000,1706.4200,1688.0000,1696.0000,1668.5000,3423988,5817280604.6200,1.648200
2020-10-12,sh.600519,1700.0000,1750.6100,1700.0000,1750.6100,1696.0000,4372904,7597987786.3300,3.219900
2020-10-13,sh.600519,1750.6200,1750.6200,1735.0000,1739.0000,1750.6100,2294389,3995560518.3300,-0.663200
2020-10-14,sh.600519,1740.0000,1746.9800,1726.0000,1729.0000,1739.0000,2048139,3554316588.7400,-0.575000
2020-10-15,sh.600519,1721.1300,1735.0000,1721.0000,1725.0000,1729.0000,1620436,2801250556.4800,-0.231300
2020-10-16,sh.600519,1725.0000,1734.5800,1703.0000,1712.0000,1725.0000,1737738,2991246892.1300,-0.753600
2020-10-19,sh.600519,1725.0000,1733.9800,1691.9000,1699.0000,1712.0000,1922632,3284383414.7100,-0.759300
2020-10-20,sh.600519,1699.9900,1734.9700,1695.0000,1734.0000,1699.0000,2773493,4787807535.8200,2.060000
2020-10-21,sh.600519,1734.1000,1742.1500,1723.0000,1733.3300,1734.0000,1890137,3275357440.3000,-0.038600
2020-10-22,sh.600519,1730.0000,1745.0000,1715.5100,1742.5000,1733.3300,2248087,3897729793.1000,0.529000
2020-10-23,sh.600519,1740.7800,1747.5900,1714.0000,1715.3300,1742.5000,1929169,3339987454.0800,-1.559300
2020-10-26,sh.600519,1619.0000,1662.9200,1600.0000,1643.0000,1715.3300,6601529,10821908227.1200,-4.216700
2020-10-27,sh.600519,1643.0000,1644.0000,1616.1200,1625.0000,1643.0000,4394440,7156688306.5800,-1.095600
2020-10-28,sh.600519,1626.0000,1677.0000,1625.0800,1664.8100,1625.0000,3463653,5739452181.1400,2.449800
2020-10-29,sh.600519,1654.8400,1708.0000,1647.0000,1676.0000,1664.8100,3937376,6633168612.7700,0.672100
2020-10-30,sh.600519,1678.0000,1696.0000,1665.0000,1670.0200,1676.0000,2605545,4379602067.6800,-0.356800
2020-11-02,sh.600519,1675.0000,1695.0000,1672.0000,1674.0100,1670.0200,2106643,3544422245.4300,0.238900
2020-11-03,sh.600519,1684.9900,1705.9000,1675.5000,1695.0000,1674.0100,2349749,3976621208.0600,1.253900
2020-11-04,sh.600519,1700.0000,1704.0000,1685.0000,1699.5800,1695.0000,1644371,2788396252.9400,0.270200
2020-11-05,sh.600519,1717.0000,1732.4800,1712.1000,1721.9000,1699.5800,2352414,4053043270.7100,1.313300
2020-11-06,sh.600519,1730.5500,1731.5900,1690.0000,1700.6200,1721.9000,2305153,3932702366.7000,-1.235800
2020-11-09,sh.600519,1701.3800,1750.6800,1700.6200,1742.5700,1700.6200,4146970,7198679682.9500,2.466700
2020-11-10,sh.600519,1752.9200,1764.4800,1736.0000,1745.0000,1742.5700,3018944,5287968172.7400,0.139400
2020-11-11,sh.600519,1745.0000,1777.5000,1731.0000,1731.3500,1745.0000,3485073,6122365404.4100,-0.782200
2020-11-12,sh.600519,1730.0100,1750.0000,1722.2700,1734.7900,1731.3500,2347309,4071729791.5600,0.198700
2020-11-13,sh.600519,1724.0000,1728.8800,1691.0000,1705.0000,1734.7900,2815548,4791276459.4700,-1.717200
2020-11-16,sh.600519,1711.0000,1730.0500,1697.2600,1730.0500,1705.0000,3061349,5247897160.8600,1.469200
2020-11-17,sh.600519,1740.0000,1742.3500,1701.0700,1715.8000,1730.0500,2522403,4355288046.5600,-0.823700
2020-11-18,sh.600519,1715.0000,1720.5300,1683.1600,1693.6500,1715.8000,3517895,5973146815.3200,-1.290900
2020-11-19,sh.600519,1684.5000,1725.0000,1680.6000,1720.1900,1693.6500,2781576,4767508752.8100,1.567000
2020-11-20,sh.600519,1720.0000,1736.0000,1712.6500,1719.9600,1720.1900,2187466,3771894859.4900,-0.013400
2020-11-23,sh.600519,1771.0100,1809.9000,1771.0100,1790.2100,1719.9600,6663724,11926870594.6000,4.084400
2020-11-24,sh.600519,1769.9900,1782.5000,1751.4700,1763.5000,1790.2100,3246536,5736960168.0700,-1.492000
2020-11-25,sh.600519,1761.5000,1768.8800,1724.0000,1726.8800,1763.5000,2822632,4910540740.6500,-2.076600
2020-11-26,sh.600519,1726.0000,1739.9900,1725.1800,1734.3900,1726.8800,2322830,4027749312.8100,0.434900
2020-11-27,sh.600519,1732.6600,1740.0300,1718.0000,1737.9000,1734.3900,2156861,3737697984.7000,0.202400
2020-11-30,sh.600519,1735.0000,1738.9000,1713.9100,1713.9100,1737.9000,3194007,5520322173.1600,-1.380400
2020-12-01,sh.600519,1726.0000,1738.9900,1720.0100,1737.0000,1713.9100,2819620,4891829153.1700,1.347200
2020-12-02,sh.600519,1746.0000,1749.0000,1731.0000,1738.0100,1737.0000,2357169,4101369305.9900,0.058100
2020-12-03,sh.600519,1738.0100,1755.6600,1732.1000,1749.0000,1738.0100,2950578,5147357780.6500,0.632300
2020-12-04,sh.600519,1752.0000,1800.1000,1752.0000,1793.1100,1749.0000,6249119,11176048846.8700,2.522000
2020-12-07,sh.600519,1802.7000,1840.3900,1800.5500,1812.4000,1793.1100,5833133,10617305103.9500,1.075800
2020-12-08,sh.600519,1815.0000,1875.0000,1813.0000,1850.0000,1812.4000,6145400,11333352154.2700,2.074600
2020-12-09,sh.600519,1865.9500,1866.0000,1839.0000,1840.0000,1850.0000,3115212,5766037608.8400,-0.540500
2020-12-10,sh.600519,1840.0000,1849.7700,1828.0000,1832.9000,1840.0000,3265354,6009239910.8600,-0.385900
2020-12-11,sh.600519,1834.7800,1837.3200,1804.8100,1820.0000,1832.9000,3077579,5595359665.3900,-0.703800
2020-12-14,sh.600519,1827.7700,1829.9800,1815.0000,1829.0000,1820.0000,3305200,6026813427.8500,0.494500
2020-12-15,sh.600519,1833.5000,1837.2200,1805.0000,1816.0100,1829.0000,2960497,5383582284.1700,-0.710200
2020-12-16,sh.600519,1830.5000,1845.6700,1820.2100,1840.0000,1816.0100,3215016,5901298274.8500,1.321000
2020-12-17,sh.600519,1845.5000,1868.0000,1840.0000,1865.5100,1840.0000,3603064,6683421886.3900,1.386400
2020-12-18,sh.600519,1851.8100,1869.0100,1841.0800,1845.0000,1865.5100,2707698,5020968993.2200,-1.099400
2020-12-21,sh.600519,1840.0000,1851.2300,1837.6000,1842.5000,1845.0000,3069672,5663526809.1300,-0.135500
2020-12-22,sh.600519,1849.9700,1898.9900,1842.5100,1881.0000,1842.5000,4065060,7618583444.2900,2.089600
2020-12-23,sh.600519,1897.9900,1906.2000,1821.0200,1841.6500,1881.0000,4770609,8901002261.8800,-2.092000
2020-12-24,sh.600519,1818.0000,1858.8800,1795.0200,1830.3400,1841.6500,3785714,6921989374.4200,-0.614100
2020-12-25,sh.600519,1802.9900,1847.0000,1800.0000,1830.0000,1830.3400,2308805,4218997634.2700,-0.018600
2020-12-28,sh.600519,1826.6000,1888.8000,1826.0500,1873.0000,1830.0000,3008037,5616528738.0700,2.349700
2020-12-29,sh.600519,1873.0000,1886.8000,1855.0000,1867.0000,1873.0000,2286759,4275994833.5500,-0.320300
2020-12-30,sh.600519,1870.0000,1933.0000,1869.9900,1933.0000,1867.0000,3445210,6604461376.1100,3.535100
2020-12-31,sh.600519,1941.0000,1998.9800,1939.0000,1998.0000,1933.0000,3886007,7682300728.3200,3.362600
2021-01-04,sh.600519,1999.9800,2004.9900,1983.8100,1997.0000,1998.0000,4351400,8686920261.1200,-0.050100
2021-01-05,sh.600519,1990.0000,2059.4500,1982.4600,2059.4500,1997.0000,5211605,10592557369.7000,3.127200
2021-01-06,sh.600519,2064.8000,2125.0000,2036.0300,2100.0000,2059.4500,4741020,9882593867.1000,1.969000
2021-01-07,sh.600519,2097.0000,2140.0000,2075.0000,2140.0000,2100.0000,3793139,7991178754.0700,1.904800
2021-01-08,sh.600519,2142.0000,2150.8800,2063.0200,2090.0000,2140.0000,5386164,11345202869.1500,-2.336400
2021-01-11,sh.600519,2090.0000,2150.5000,2058.6000,2099.7300,2090.0000,5107990,10768565414.6600,0.465600
2021-01-12,sh.600519,2088.0000,2160.9000,2085.0000,2160.9000,2099.7300,4105859,8800558287.6600,2.913200
2021-01-13,sh.600519,2164.0000,2173.3300,2135.0000,2164.0000,2160.9000,3438993,7418330853.8200,0.143500
2021-01-14,sh.600519,2156.0000,2163.0000,2116.1100,2134.0000,2164.0000,3615220,7722089683.7200,-1.386300
2021-01-15,sh.600519,2115.0000,2134.3500,2029.0000,2082.0000,2134.0000,5950939,12372103226.5500,-2.436700
2021-01-18,sh.600519,2061.0600,2091.4800,2040.2700,2063.0000,2082.0000,3914404,8076715789.5000,-0.912600
2021-01-19,sh.600519,2073.1100,2096.3000,2006.8500,2009.4100,2063.0000,4634519,9479278513.1900,-2.597700
2021-01-20,sh.600519,2008.0000,2055.4900,1982.5000,2040.6300,2009.4100,4508242,9126453276.9800,1.553700
2021-01-21,sh.600519,2048.0000,2090.0200,2041.0000,2070.0000,2040.6300,3831017,7953455966.9300,1.439300
2021-01-22,sh.600519,2069.0000,2100.0000,2060.1000,2079.9500,2070.0000,2924761,6090260363.6000,0.480700
2021-01-25,sh.600519,2083.0000,2179.5000,2083.0000,2175.0000,2079.9500,5595716,12029474557.6700,4.569800
2021-01-26,sh.600519,2185.0000,2187.0000,2125.1100,2141.8900,2175.0000,3174746,6820173361.7100,-1.522300
2021-01-27,sh.600519,2141.8900,2141.8900,2085.0000,2089.0000,2141.8900,3712017,7809446386.5400,-2.469300
2021-01-28,sh.600519,2080.0000,2109.6600,2060.0200,2088.0000,2089.0000,3512864,7337084454.9800,-0.047900
2021-01-29,sh.600519,2101.1900,2149.4800,2090.2200,2116.1800,2088.0000,3370133,7166179277.1700,1.349600
2021-02-01,sh.600519,2130.0000,2160.0000,2095.0000,2109.3200,2116.1800,2934059,6219639110.8000,-0.324200
2021-02-02,sh.600519,2112.2200,2149.9900,2102.1000,2145.0000,2109.3200,3458225,7372233581.9000,1.691500
2021-02-03,sh.600519,2150.0000,2198.2700,2140.0000,2189.9100,2145.0000,3871415,8384049314.3100,2.093700
2021-02-04,sh.600519,2191.0000,2330.0000,2191.0000,2320.8500,2189.9100,6385101,14596930187.5000,5.979200
2021-02-05,sh.600519,2325.0000,2364.6000,2291.0000,2313.0000,2320.8500,3972906,9253566204.8200,-0.338200
2021-02-08,sh.600519,2337.0000,2378.8800,2313.0000,2368.8000,2313.0000,3578573,8420758624.8100,2.412500
2021-02-09,sh.600519,2368.8000,2456.4300,2350.0000,2456.4300,2368.8000,3329655,7972930044.9800,3.699300
2021-02-10,sh.600519,2485.0000,2601.2000,2485.0000,2601.0000,2456.4300,6137057,15675929713.5000,5.885400
2021-02-18,sh.600519,2587.9800,2627.8800,2465.0000,2471.0000,2601.0000,6591232,16704135269.4700,-4.998100
2021-02-19,sh.600519,2451.1600,2496.6600,2381.6000,2460.0000,2471.0000,5938546,14525164524.5700,-0.445200
2021-02-22,sh.600519,2455.0000,2455.0000,2278.2200,2288.0200,2460.0000,7893547,18498777222.5400,-6.991100
2021-02-23,sh.600519,2265.1400,2344.8900,2265.0000,2307.0000,2288.0200,5745460,13316110795.1600,0.829500
2021-02-24,sh.600519,2307.9900,2318.0000,2160.5000,2189.0000,2307.0000,8211578,18195034445.0100,-5.114900
2021-02-25,sh.600519,2209.0000,2224.5000,2121.2100,2150.0000,2189.0000,5972643,12982145755.1200,-1.781600
2021-02-26,sh.600519,2100.0000,2179.9500,2067.3000,2122.7800,2150.0000,6652506,14097015493.7000,-1.266000
2021-03-01,sh.600519,2179.0000,2179.0000,2120.0000,2158.0000,2122.7800,4491626,9686945528.9200,1.659100
2021-03-02,sh.600519,2180.0000,2180.0000,2033.0000,2058.0000,2158.0000,7076450,14796698645.5200,-4.633900
2021-03-03,sh.600519,2040.0000,2149.7700,2033.0000,2140.0000,2058.0000,5421546,11366685429.0800,3.984500
2021-03-04,sh.600519,2095.0000,2096.0000,2010.1000,2033.0000,2140.0000,6508829,13297304315.6500,-5.000000
2021-03-05,sh.600519,2000.0000,2095.0000,1988.0000,2060.1100,2033.0000,6377920,13100315985.4200,1.333500
2021-03-08,sh.600519,2074.9600,2085.0000,1960.0000,1960.0000,2060.1100,6309959,12724245990.3800,-4.859400
2021-03-09,sh.600519,1955.0000,2000.0000,1900.1800,1936.9900,1960.0000,8226581,16100769578.8700,-1.174000
2021-03-10,sh.600519,1977.0000,1999.8700,1967.0000,1970.0100,1936.9900,5117174,10136910283.8200,1.704700
2021-03-11,sh.600519,1975.0000,2079.9900,1961.4800,2048.0000,1970.0100,5676897,11521736383.8500,3.958900
2021-03-12,sh.600519,2070.0000,2077.0000,2002.0100,2026.0000,2048.0000,4032251,8181594631.1700,-1.074200
2021-03-15,sh.600519,2050.0000,2069.8000,1951.1500,1975.4500,2026.0000,6248487,12459955712.1900,-2.495100
2021-03-16,sh.600519,1974.9300,2019.9900,1965.0000,2010.5000,1975.4500,3464850,6918600717.4100,1.774300
2021-03-17,sh.600519,2000.0000,2050.0000,1976.0100,2030.3600,2010.5000,3137491,6352656523.2400,0.987800
2021-03-18,sh.600519,2035.0000,2086.3600,2035.0000,2069.7000,2030.3600,3386488,6997030294.3800,1.937600
2021-03-19,sh.600519,2035.0000,2043.0000,1992.2300,2010.0000,2069.7000,3578077,7211521835.4800,-2.884500
2021-03-22,sh.600519,2000.1000,2026.0900,1955.5500,1989.9900,2010.0000,3691407,7323391310.9300,-0.995500
2021-03-23,sh.600519,1998.8800,2008.8000,1970.0000,1996.0000,1989.9900,2744619,5459520703.3100,0.302000
2021-03-24,sh.600519,1981.0000,2013.0000,1981.0000,1989.0000,1996.0000,2935739,5857848160.3300,-0.350700
2021-03-25,sh.600519,1970.0100,1988.8800,1946.8000,1971.0000,1989.0000,3157523,6216733243.7000,-0.905000
2021-03-26,sh.600519,1985.0000,2022.0000,1958.0000,2013.0000,1971.0000,5001642,9987629443.8100,2.130900
2021-03-29,sh.600519,2043.2000,2096.3500,2026.1500,2034.1000,2013.0000,5699220,11740129412.7900,1.048200
2021-03-30,sh.600519,2040.0000,2086.0000,2035.0800,2056.0500,2034.1000,3262697,6717493349.5500,1.079100
2021-03-31,sh.600519,2045.1000,2046.0200,2000.0000,2009.0000,2056.0500,3715441,7489086233.4300,-2.288400
2021-04-01,sh.600519,2021.0000,2046.8000,2001.2200,2044.5000,2009.0000,2658763,5379775870.0200,1.767000
2021-04-02,sh.600519,2056.0000,2165.0000,2056.0000,2162.0000,2044.5000,5202757,10981752657.5800,5.747100
2021-04-06,sh.600519,2161.0000,2161.9800,2102.3000,2126.0300,2162.0000,3274177,6967525036.5900,-1.663700
2021-04-07,sh.600519,2104.0600,2117.3000,2050.0000,2061.0000,2126.0300,4020097,8317799924.6500,-3.058800
2021-04-08,sh.600519,2047.0300,2079.0000,2044.0000,2070.0000,2061.0000,2854762,5893307514.4700,0.436700
2021-04-09,sh.600519,2042.0000,2054.0000,2005.0100,2020.0000,2070.0000,2880886,5832453811.8000,-2.415500
2021-04-12,sh.600519,2011.0000,2030.0000,1991.7000,2008.8900,2020.0000,3194307,6409917317.5800,-0.550000
2021-04-13,sh.600519,2020.0000,2049.8000,2009.0000,2021.0000,2008.8900,2899215,5883787293.2700,0.602800
2021-04-14,sh.600519,2035.0000,2048.0000,2016.0000,2047.0000,2021.0000,2411465,4908790022.8400,1.286500
2021-04-15,sh.600519,2030.9000,2046.9000,1990.0000,2015.6000,2047.0000,3436621,6903769489.5100,-1.534000
2021-04-16,sh.600519,2025.0800,2068.0000,2012.0000,2054.9800,2015.6000,3029370,6183895053.7500,1.953800
2021-04-19,sh.600519,2055.0000,2098.3600,2033.0000,2088.0000,2054.9800,3175391,6610577917.1800,1.606800
2021-04-20,sh.600519,2071.1000,2129.0000,2070.0000,2094.8000,2088.0000,2829037,5949669952.6800,0.325700
2021-04-21,sh.600519,2076.0000,2097.8000,2065.1000,2080.0000,2094.8000,2614975,5446145952.1300,-0.706500
2021-04-22,sh.600519,2089.9000,2099.0000,2051.5000,2055.5000,2080.0000,2685002,5539295655.7700,-1.177900
2021-04-23,sh.600519,2055.9700,2119.8800,2052.5000,2108.9400,2055.5000,3346277,7002695288.1000,2.599900
2021-04-26,sh.600519,2132.0000,2135.0000,2073.6000,2077.8200,2108.9400,3404511,7160836874.3600,-1.475600
2021-04-27,sh.600519,2087.0800,2095.2500,2065.0900,2094.4400,2077.8200,2210785,4607779001.5600,0.799900
2021-04-28,sh.600519,2010.0000,2047.5000,2003.0000,2042.0000,2094.4400,8134295,16463574636.6000,-2.503800
2021-04-29,sh.600519,2047.0400,2049.9400,2014.0000,2026.3600,2042.0000,4128378,8370431227.6800,-0.765900
2021-04-30,sh.600519,2026.0000,2036.0000,2003.7100,2006.7800,2026.3600,3840137,7723747038.4300,-0.966300
2021-05-06,sh.600519,2000.0000,2006.8400,1953.0000,1959.0000,2006.7800,5354614,10584968907.1400,-2.380900
2021-05-07,sh.600519,1965.0000,1967.9800,1901.0000,1903.0000,1959.0000,5249339,10101703446.0600,-2.858600
2021-05-10,sh.600519,1900.0000,1909.0000,1866.0100,1879.0300,1903.0000,4600318,8677753607.6000,-1.259600
2021-05-11,sh.600519,1876.0000,1966.0000,1873.3000,1959.0000,1879.0300,4249412,8209251913.8800,4.255900
2021-05-12,sh.600519,1949.0800,1999.0000,1949.0000,1984.0000,1959.0000,3269887,6473203286.0600,1.276200
2021-05-13,sh.600519,1965.7500,1985.0500,1953.0000,1971.5000,1984.0000,2507751,4934954969.1400,-0.630000
2021-05-14,sh.600519,1982.0000,2030.5000,1976.0000,2009.8500,1971.5000,3561129,7150302044.3700,1.945200
2021-05-17,sh.600519,2025.1000,2085.2000,2025.1000,2057.9600,2009.8500,4452400,9178509985.3700,2.393700
2021-05-18,sh.600519,2065.0000,2077.0000,2045.0600,2059.3100,2057.9600,1750428,3595891741.8300,0.065600
2021-05-19,sh.600519,2059.0000,2074.8100,2040.0000,2049.0000,2059.3100,2240972,4606452358.4700,-0.500700
2021-05-20,sh.600519,2074.0000,2074.1000,2045.3600,2058.8800,2049.0000,2185716,4500663211.2500,0.482200
2021-05-21,sh.600519,2055.0800,2079.8800,2037.0200,2042.1000,2058.8800,2424823,4976601457.7900,-0.815000
